id;user_id;encrypted_userid;point_of_time;status
1;Tuna Proactive;dynamic Borders;2022-11-06T20:52:16;Fail
2;engineer architecture;green regional;2022-11-06T06:54:07;Successs
3;navigate Group Rubber;Consultant 辽宁省 Car;2022-11-06T17:08:13;Fail
4;morph payment Public-key;Albania Versatile;2022-11-06T15:46:41;Successs
5;contingency port;FTP 旁 Soft;2022-11-06T16:00:07;Successs
6;Buckinghamshire Intelligent;Chips Borders Developer;2022-11-07T00:07:11;Fail
7;Buckinghamshire incremental Music;deposit quantifying;2022-11-06T23:59:13;Successs
8;Kip;program Credit bypass;2022-11-06T08:16:59;Fail
9;Account Wooden generate;新疆;2022-11-06T12:35:00;Fail
10;街 Steel;Supervisor human-resource;2022-11-06T09:52:49;Fail
