id;name;polyv_id;start_time;end_time
1;paradigms exploit;Iran Buckinghamshire Borders;2022-11-07T03:22:51;2022-11-06T13:24:24
2;JSON Analyst deposit;circuit feed;2022-11-06T12:31:33;2022-11-06T09:23:12
3;Clothing;protocol Frozen Saint;2022-11-06T06:58:03;2022-11-06T05:12:57
4;Shilling communities open-source;Greenland;2022-11-06T05:10:00;2022-11-06T19:00:04
5;redundant wireless red;application 24/7;2022-11-06T05:12:33;2022-11-06T09:48:51
6;District;Automotive green Generic;2022-11-06T04:06:32;2022-11-06T23:03:38
7;Response Tools;Timor-Leste;2022-11-06T20:37:34;2022-11-06T07:01:26
8;Pants;SMS;2022-11-06T20:16:49;2022-11-06T13:44:40
9;invoice back;override;2022-11-06T09:41:36;2022-11-06T10:01:34
10;withdrawal transform Exclusive;Response withdrawal;2022-11-06T15:51:20;2022-11-06T13:08:48
